Ux,Uy,p,CellID
0.742437,-0.0957643,-0.746939,8657
0.470036,0.148051,-0.0366613,8980
0.595399,0.426576,-0.166119,9189
0.205309,-0.805716,-0.302608,9360
0.745819,0.00968015,0.0841642,9512
0.138863,-0.0108115,-1.0368,13179
1.30859,-0.464006,0.361223,13502
0.777613,0.162896,0.0799573,13711
0.898468,-0.159588,0.159882,13882
0.685018,-0.0315822,0.126304,14034
