Ux,Uy,CellID
0.426163,-1.33664,8657
0.683913,0.520964,8980
1.15274,0.948706,9189
0.583223,-0.678264,9360
0.434991,0.287822,9512
0.121117,1.2411,13179
-0.105737,-0.702897,13502
0.74743,0.581239,13711
0.965456,-0.426829,13882
0.897836,-0.0596648,14034
