Ux,Uy,p,CellID
-0.414404,0.496611,-0.304888,8657
1.02797,0.293994,0.395279,8980
0.778014,0.524301,-0.253836,9189
0.716518,-0.60661,0.308504,9360
0.67032,0.157337,0.305478,9512
0.0202916,0.389847,-0.402316,13179
0.128907,-0.104295,0.495808,13502
1.14787,0.0463674,0.501119,13711
0.839722,-0.327544,0.413097,13882
0.74255,0.119593,0.356494,14034
