Ux,Uy,p,CellID
0.0472988,0.286138,-0.0915946,8657
0.359448,-0.0221413,-0.571892,8980
0.644784,0.579449,-0.00837307,9189
0.513663,0.307711,-0.00352996,9360
1.19148,0.152442,-0.303418,9512
0.656334,-0.214946,-0.637574,13179
0.170831,0.0192928,-0.308542,13502
0.268159,0.276586,-0.32415,13711
0.641648,-0.219249,-0.0504698,13882
0.702488,-0.0107296,0.00968714,14034
