Ux,Uy,p,CellID
-0.313304,0.747003,-0.605205,8657
0.350822,-0.701475,-0.250905,8980
0.462735,0.581001,-0.27029,9189
0.923799,-0.0503113,-0.0266172,9360
0.57593,-0.0442424,-0.0479238,9512
0.230799,0.767404,-0.561627,13179
0.831045,-0.594178,-0.0203295,13502
0.638011,0.207584,0.0515637,13711
0.527723,0.0416511,-0.0224068,13882
0.573202,0.0467931,-0.000447742,14034
