Ux,Uy,p,CellID
-0.470619,-0.0157965,-0.514335,8657
1.36261,-0.428298,-0.0822641,8980
0.823801,-0.142822,-0.222005,9189
0.660081,0.354798,-0.321146,9360
1.11142,0.281314,-0.0507824,9512
0.408156,1.0356,-0.590712,13179
0.377407,-0.705995,-0.124901,13502
0.0238826,0.213611,-0.233378,13711
0.287597,-0.209073,-0.0881369,13882
0.825074,0.10043,0.0524076,14034
