Ux,Uy,CellID
-0.24186,-0.138841,8657
1.14263,-0.513767,8980
0.664824,0.0875989,9189
0.406016,0.805354,9360
0.397768,0.222683,9512
0.77479,-0.172366,13179
0.434329,-0.0760435,13502
0.655657,0.326866,13711
0.922763,0.426138,13882
0.76305,-0.0242614,14034
