Ux,Uy,p,CellID
-0.00678426,0.460917,-0.858888,8657
1.07574,0.209413,-0.176327,8980
0.914435,0.502503,-0.811914,9189
0.75081,-0.656451,-0.211579,9360
0.768069,0.147762,-0.230036,9512
-0.352148,0.185136,-1.08152,13179
0.485331,-0.0847712,-0.0686597,13502
1.22902,0.120062,-0.0826068,13711
0.904257,-0.209135,-0.0587623,13882
0.635197,0.242015,-0.172727,14034
