Ux,Uy,p,CellID
-0.204181,0.00633052,-0.0489818,8657
0.463156,-0.129073,-0.555448,8980
0.7167,0.576504,-0.00778229,9189
0.606979,0.27272,0.0239969,9360
1.05145,0.0749133,-0.136345,9512
0.833924,0.131396,-0.946654,13179
0.16437,0.015271,-0.131646,13502
0.284067,0.28482,-0.223642,13711
0.563191,-0.127905,-0.0173748,13882
0.694821,0.0201352,0.0433971,14034
