Ux,Uy,p,CellID
-0.159921,0.251878,-0.951607,8657
-0.00894945,0.0620865,-0.362701,8980
1.31229,-0.631383,-0.355382,9189
0.883085,-0.70347,-0.242649,9360
0.962735,0.694491,-0.25038,9512
0.714586,0.397586,-0.0324995,13179
1.30195,-0.0784754,-0.662859,13502
0.698,-0.152951,-0.0890418,13711
0.538449,-0.87902,-0.251914,13882
0.53106,0.831403,-0.202647,14034
