Ux,Uy,p,CellID
0.290847,0.358321,-0.674793,8657
0.429165,-0.605578,0.0557949,8980
-0.0714693,-0.175405,-0.515907,9189
0.303162,0.239089,-0.0934757,9360
0.951126,0.0869733,0.0386306,9512
0.899887,0.520965,-0.107098,13179
0.567128,-0.230449,-0.779016,13502
0.588983,0.100348,0.0147648,13711
0.373751,-0.289318,-0.460327,13882
0.471476,-0.0635639,0.0292004,14034
