Ux,Uy,p,CellID
1.18961,-0.978236,-0.859953,8657
0.898899,0.916923,-0.367213,8980
1.06101,-0.572907,-0.289858,9189
0.295118,0.684458,-0.189391,9360
0.484505,-0.526123,0.019352,9512
-0.282394,-0.50504,-0.902933,13179
0.178088,0.293459,-0.0812865,13502
0.225298,0.355137,-0.0774847,13711
0.890324,0.58428,-0.458172,13882
0.98818,-0.659713,-0.184491,14034
